0,谓之,吴,黎,楚,天,音,县,志,广,长
1,王,太后,立,帝,孝,后,侯,国,皇后,薨
2,刺,黃,足,為,針,血,內,聞,上,骨
3,本,鮑,晏子,齊,為,趙,姚,楚,二,補
4,将,敌,兵,太,战,军,公曰,卒,武,击
5,兵,攻,一,上,战,守,馀,可,胜,二
6,天,气,生,以为,时,阴,阳,水,一,火
7,脉,病,气,浮,阳,阴,死,肝,意,经
8,令,事,复,上,官,及,奏,臣,明,议
9,十,夏,春,冬,秋,郡,诏曰,朕,天下,─
10,光武,侯,更始,嚣,将军,帝,降,述,茂,封
11,民,德,天下,礼,明,乐,正,制,天地,天
12,文,章,观,辞,固,论,远,赋,卿,尚
13,帝,拜,遂,及,诏,复,赐,郡,宪,永
14,子曰,天下,恶,以为,善,不知,事,辞,不可,天
15,一,字,無,案,文,說,見,當,則,孫
16,於,及,彊,弗,至於,受,適,能,封,商
17,於,數,萬,重,穀,民,時,桓公,歲,金
18,治,义,上,乱,国,民,之谓,政,不能,刑
19,丧,哭,服,妇,父,死,母,妻,父母,冠
20,的,指,文,就,辞,赋,论,他,创作,上
21,测,次,贞,二,上,冥,阳,离,阴,渊
22,载,乐,采,歌,归,衣,声,风,思,服
23,将军,将,贼,羌,还,王,击,太守,骑,拜
24,兵,遂,等,复,及,众,因,时,令,遣
25,王,周,武王,文王,王曰,二,父,武,亡,臣
26,善,性,圣人,学,道,乐,谓之,德,仁,万物
27,亡,传,汉,周,春秋,后,氏,诗,成,易
28,文,孟子,孔子,圣人,礼,案,明,子云,易,宋
29,匈奴,单于,将军,汉,骑,侯,使,将,出,右
30,吏,民,令,治,钱,罪,天下,刑,郡,法
31,上,丞相,陛下,臣,孝,大夫,侯,景,盎,人也
32,書,漢,卷,記,傳,後,御,引,本,為
33,水,河,东,行,山,西,土,禹,出,至于
34,秦,王,魏,攻,太子,兵,使,周,因,十
35,莽,国,侯,郡,户,阳,属,亭,水,城
36,使,不能,命,论,实,难,恶,世,宜,善
37,民,命,尔,厥,予,德,维,王,天,克
38,越,吴,楚,胥,王曰,寡人,越王,使,伐,吴王
39,祭,祀,庙,宗,郊,神,礼,立,天子,文
40,氏,漢,類,後,書,二,姓,為,案,通
41,陽,則,陰,氣,脈,伯,少,岐,熱,太
42,马,能,一,行,出,不可,内,数,令,以为
43,晋,郑,师,将,伯,宋,叔,及,侯,齐
44,贤,进,行,正,通,义,师,长,恶,任
45,侯,击,军,破,东,定,齐,攻,兵,婴
46,月,行,始,命,天子,音,令,先,国,律
47,将,对曰,令,因,侯,叔,文,杀,以为,说
48,民,国,利,富,务,上,财,百姓,不足,食
49,生,天,时,之时,尧,圣,复,龙,一,气
50,侯,上,将军,太后,封,丞相,赐,帝,莽,等
51,於,無,心,將,時,世,而不,名,可,猶
52,一,臣,余,眾,志,賢,貌,風,楚,忠
53,爵,坐,主人,降,尸,拜,祭,奠,兴,俎
54,星,日,出,岁,天,地,阴,占,辰,月
55,為,一,與,己,長,遠,樂,行,天,日
56,郡,羌,南,夷,寇,二,复,种,地,破
57,象,吉,上,贞,咎,利,卦,凶,往,终
58,無,於,與,謂,天下,見,臣,事,問,賢
59,齐,晋,遂,立,卒,伐,杀,王,公子,国
60,於,後,文,不能,能,死,孔子,物,神,＝
61,臣,上,遂,将,兵,使,立,诛,数,死
62,主,臣,法,治,明,上,不能,行,事,故曰
63,春秋,书,列传,二,第,述,汉,十八,孔子,十六
64,王,太子,後,立,孝,诸侯,天子,汉,淮南,上
65,等,卓,令,辟,绍,太守,操,太尉,天下,州
66,掌,徒,史,王,二,国,下士,如之,胥,共
67,礼,子曰,亲,义,者也,敬,弗,行,生,孝
68,一,為,二,乘,實,術,斗,荅,幾,問
69,一,传,铎,篇,汉书,二,按,左传,纪,后
70,侯,齐,伐,卫,冬,夏,伯,春,秋,师
71,游,不能,神,形,是故,通,相如,靡,弗,物
72,德,谓之,文,志,世,朔,好,平,御,本
73,汉,王,国,匈奴,师,西,护,使,都,兵
74,宾,大夫,受,主人,射,上,西,阶,升,拜
75,按,字,本,引,传,说,篇,说文,一,据
76,天下,能,民,事,可,道,之以,而不,仁,圣
77,為,二,於,晉,侯,國,謂,諸,將,楚
78,和,刘勰,字,作品,这里,文学,等,对,1,2
79,白,赤,一,长,车,黑,牛,器,直,参
80,王,汉,楚,项,将,陈,使,汉王,信,沛
81,龟,吉,卜,病,徙,凶,吉凶,宅,兆,神
82,道,生,德,而不,不可,行,日,守,观,心
83,氣,於,病,帝,為,寒,治,上,經,生
84,則,為,國,民,治,令,行,上,義,勝
85,升,汤,方,服,主,味,右,取,煮,去
86,孔子,孔,闻,子贡,夫子,鲁,子路,对曰,士,诗曰
87,秦,楚,齐,赵,韩,魏,後,燕,天下,臣
88,时,吏,郡,闻,奏,举,数,宜,事,使
89,周,立,殷,帝,伐,诸侯,德,纣,夏,武
90,遂,女,死,使,母,妾,及,去,家,解
91,篇,时,传,书,指,汉,卷,说,汉书,典
92,官,石,令,主,丞,本,二,长,比,千石
93,楚,使,氏,卫,请,伐,孙,子曰,陈,告
94,十,日,月,度,余,二,一,法,历,朔
95,氏,姓,文,生,周,叔,十,赵,晋,世
96,祠,上,泰山,封,天子,黄帝,泰,一,封禅,神
97,臣,王,贤,主,国,不能,行,死,天下,使
98,事,大夫,及,食,诸侯,治,民,礼,府,祭
99,时,数,及,天下,以为,事,闻,田,出,生
